spec,beta,se,p
random intercepts only,-0.05617490256276696,0.006726481758170436,6.751267921646429e-17
random slopes (1+RTI|j),-0.059184031054589754,0.024352329647805634,0.015085365109537428
