regime,alpha,n
Nordic,0.8417480877376228,26997
Continental,0.84005656104775,44087
Liberal,0.8971527400783392,17907
Southern,0.8703046433131294,19718
Eastern,0.8589206392145124,54076
