variable,VIF
task_z,1.3209083881471997
agea,32.853264566721
age_sq,33.270415789044456
female,1.012013290143781
college,1.3485030808071699
hinctnta,1.2429446332454426
urban,1.025329627084923
