label,beta,se,n_obs,sesoi,ci90_low,ci90_high,p_lower,p_upper,p_tost,equivalent_at_alpha_0.05,interpretation
ESS Model 5 redistribution × Liberal (RS) | SESOI=0.06,0.0133140749447569,0.019216238884328,124075,0.06,-0.01829663801996266,0.04492478790947646,6.803232004004567e-05,0.007559753575775006,0.007559753575775006,True,"At alpha=0.05 (TOST 90% CI): 90% CI [-0.0183, 0.0449] lies within the equivalence bound (±0.06). Effect is statistically equivalent to zero against SESOI |β|=0.06"
ESS Model 5 redistribution × Liberal (RS) | SESOI=0.05,0.0133140749447569,0.019216238884328,124075,0.05,-0.01829663801996266,0.04492478790947646,0.0004924212709201958,0.028123913784039747,0.028123913784039747,True,"At alpha=0.05 (TOST 90% CI): 90% CI [-0.0183, 0.0449] lies within the equivalence bound (±0.05). Effect is statistically equivalent to zero against SESOI |β|=0.05"
ESS Model 5 redistribution × Liberal (RS) | SESOI=0.03,0.0133140749447569,0.019216238884328,124075,0.03,-0.01829663801996266,0.04492478790947646,0.012096983217913637,0.19260844172988612,0.19260844172988612,False,"At alpha=0.05 (TOST 90% CI): 90% CI [-0.0183, 0.0449] does NOT lie entirely within the equivalence bound (±0.03). Cannot reject the possibility of an effect as large as ±0.03"
ISSP 2006 RTI × CWED (paraphrase) | SESOI=0.06,0.01,0.016,10216,0.06,-0.01632,0.03632,6.0716239113078885e-06,0.0008890252991084338,0.0008890252991084338,True,"At alpha=0.05 (TOST 90% CI): 90% CI [-0.0163, 0.0363] lies within the equivalence bound (±0.06). Effect is statistically equivalent to zero against SESOI |β|=0.06"
ISSP 2006 RTI × CWED (paraphrase) | SESOI=0.05,0.01,0.016,10216,0.05,-0.01632,0.03632,8.841728520081471e-05,0.006209665325776132,0.006209665325776132,True,"At alpha=0.05 (TOST 90% CI): 90% CI [-0.0163, 0.0363] lies within the equivalence bound (±0.05). Effect is statistically equivalent to zero against SESOI |β|=0.05"
ISSP 2006 RTI × CWED (paraphrase) | SESOI=0.03,0.01,0.016,10216,0.03,-0.01632,0.03632,0.006209665325776159,0.1056497736668553,0.1056497736668553,False,"At alpha=0.05 (TOST 90% CI): 90% CI [-0.0163, 0.0363] does NOT lie entirely within the equivalence bound (±0.03). Cannot reject the possibility of an effect as large as ±0.03"
